H_Altitude,V0_Airspeed,Sigma_Wx,L_Wx_Scale,Target_Yaw,ie_beta,ie_x,ie_y,qe,ic_beta,ic_x,ic_y
1111.2968784916345,111.0,2.8,466.661012901919,2.0,-0.07499067381362413,2.9546445471289693,4.458840755766693,-0.6936354055163817,0.42157810280773184,-1.9986373520234257,1.197971540542056
1210.969505231792,111.0,2.8,273.9365120491873,2.0,1.0009621485592781,2.8887625782599846,2.0500504868524247,0.12871399620028318,-1.2808720262290885,0.693661304795241,0.13714690597329868
834.8027290893606,111.0,2.8,465.0664476818798,2.0,-1.0583433695033526,0.4659745370455968,4.437810202643784,-0.980114685763649,1.7951085481104687,-1.9978528058245468,-0.7563107160976456
1460.5024701930279,111.0,2.8,255.13970517681219,2.0,1.965828469595623,0.5293380495578791,1.8143813935639852,1.0063605104397326,-2.646312951549663,1.0255793856409259,0.5495778543067543
925.1748832034534,111.0,2.8,468.1141483171704,2.0,-0.7451764133930466,1.5975821632531744,4.477213347302433,-0.9456484211673415,1.364450861329918,-1.9996177881135342,-0.11160230052676408
1310.1010729435643,111.0,2.8,413.3700401924693,2.0,0.833552201527528,2.257858558866914,3.7923654957365533,-0.025490593206710713,-0.9042783049832301,-1.6985716380821874,2.0001658128088424
1117.222627033678,111.0,2.8,440.7802679492361,2.0,0.041432611390166164,2.9657291986212932,4.13591667135663,-0.6004781083909436,0.23113203963842094,-1.9199915465130104,1.059229622199217
1369.9546891518276,111.0,2.8,420.74282579191225,2.0,1.0196915907723982,1.6536637559906409,3.8829786383437197,0.14784651977481358,-1.1567294065019142,-1.7719019116563868,2.4442381301068448
884.0217827630763,111.0,2.8,299.7654585707194,2.0,-0.2628324932991649,1.1038198482313226,2.3723068062657253,-0.4461012698916033,0.5160093633880822,0.20084051278819182,-0.7191264431002614
1266.4997319116376,111.0,2.8,295.22442413482366,2.0,1.1208661948019547,2.598742881975134,2.315373573763932,0.21415756681554482,-1.4242568122572854,0.2894157745119801,0.5110164594988307
1442.9399340684422,111.0,2.8,207.3040900218574,2.0,2.0814282282390453,0.7587183861612494,1.2159444807746176,1.086878550827337,-2.8563538602552967,1.6918305679641876,-0.17823404245326513
1414.8232579195,111.0,2.8,458.3950899840216,2.0,1.0384187003573682,1.1197993636349735,4.353293894483156,0.1932618802207133,-1.1464893128549396,-1.9865646946064341,3.232216601291669
801.733245715135,111.0,2.8,266.4217724261756,2.0,-0.43036027352379935,0.02359404406876687,1.955763224151314,-0.3639255529378626,0.7193689908141584,0.829606404714668,-0.995496109111473
1274.3648993025254,111.0,2.8,161.07703354850543,2.0,1.6519535694064458,2.5442415234830236,0.6392868890337322,0.6547211217007152,-2.3024292908719475,1.989448230446458,-0.8832015587970422
1024.4401904784477,111.0,2.8,369.8479794933533,2.0,-0.02349679947792698,2.536737822993159,3.248538421101198,-0.534318266818845,0.2536980265431295,-1.107880909167827,0.1015883532776399
812.6420560532974,111.0,2.8,412.7051980281688,2.0,-0.9387404188375524,0.17122692024723618,3.783294249164637,-0.8212250517295171,1.5779017036082965,-1.6919693690189632,-0.9255946002089684
1343.788871607388,111.0,2.8,202.50485210047088,2.0,1.7458706817048142,1.9344543254777564,1.1559831859714822,0.7426102218678023,-2.391481062835297,1.7391829698700496,-0.3616628010205376
1254.7931723663285,111.0,2.8,317.5295797292079,2.0,0.9947768164022889,2.6739995287615015,2.5940107704916042,0.10974490284833358,-1.2265059222923262,-0.14631813278653275,0.7021795653888853
1252.0409481290085,111.0,2.8,362.40281732460494,2.0,0.8183528994207452,2.6899819465506707,3.1548613549462905,-0.0388051832986543,-0.9321434194360748,-0.9857349760666743,1.1438531749566645
868.9129899996819,111.0,2.8,206.12627678674653,2.0,0.03592087734131601,0.9123768489847504,1.2033811154796792,-0.16233812461507985,0.005580661972441105,1.70251339973522,-0.9153060459636331
1468.388730429764,111.0,2.8,404.4681898282563,2.0,1.4338350855325253,0.42356117695139406,3.6800735071835136,0.5727371469108196,-1.7521532701179707,-1.599835785140465,2.796374181022899
911.5879898987799,111.0,2.8,404.62281533175405,2.0,-0.5557301859889865,1.4406983999489158,3.683646660612268,-0.7585360288498476,1.0330829155286723,-1.6026989487664203,-0.36556383376067103
1392.2410245029341,111.0,2.8,332.1686858327612,2.0,1.432979276279326,1.3976730542027787,2.778972788960555,0.504373695057611,-1.8210822945859069,-0.4333646837178136,1.4080518685705243
1375.509716133161,111.0,2.8,376.4665886823211,2.0,1.2040562402279569,1.5889066964547278,3.332248085943835,0.30707808431208,-1.4610096132091794,-1.2161077591011618,1.9074543503270953
1207.7796799826585,111.0,2.8,410.2799246285418,2.0,0.4791600910011061,2.8998905267652346,3.7541569058699644,-0.3050245264597193,-0.4110182846668546,-1.666836648979055,1.367734220903183
1080.9510094261914,111.0,2.8,254.35170516076988,2.0,0.6122679374437549,2.8560435275430285,1.8041986237939105,-0.08524468488778977,-0.7528877477399839,1.0390779868363007,-0.34601979010958295
1081.2434179600561,111.0,2.8,451.3632635559598,2.0,-0.1251482927769829,2.8595077527350137,4.267215824026527,-0.6994577034721409,0.4765093845913213,-1.9682482914116028,0.8914111423145974
1329.6623741836297,111.0,2.8,223.07566905661784,2.0,1.6152019761037546,2.075675981369321,1.41343545522656,0.6312207713534539,-2.19099038857358,1.5074144861006873,-0.13411213657143933
851.5784436616887,111.0,2.8,236.6070276889821,2.0,-0.13868690506103645,0.6880923572223012,1.5820386442793821,-0.2612893062236465,0.28310323568167595,1.319525627113075,-0.9002022650242542
809.5921141576076,111.0,2.8,203.87793920225707,2.0,-0.16613527729981656,0.12985996414574733,1.1730034376933816,-0.16911065219576318,0.289245581571581,1.7259950315569696,-0.9903171755180805
1308.2618834109041,111.0,2.8,166.67336885377128,2.0,1.753248120640252,2.2734859473297915,0.7072512537952886,0.7382989354544837,-2.437518783003585,1.9725454219596203,-0.8101286600711126
1490.5809336407506,111.0,2.8,368.32392788011464,2.0,1.6492023449405173,0.12642330632294013,3.228483328689438,0.7783842923754154,-2.0889882618660494,-1.0827291178692118,2.3650907659099705
1400.861188705636,111.0,2.8,304.22651762731965,2.0,1.5675856428299073,1.2915926099718291,2.4267684910561997,0.6240089221781068,-2.0390337638485567,0.11557304407392612,1.0679683479186566
1468.2287655664304,111.0,2.8,156.20709735831068,2.0,2.364258404037427,0.4278253347914959,0.5779469348301192,1.3477461012682095,-3.3006641490918858,1.997266487413525,-0.9058672988932269
1333.7237860408977,111.0,2.8,336.2818574232631,2.0,1.2063679655645256,2.035850975547336,2.8288743062294155,0.28931449964886885,-1.503811385546561,-0.5108873052407251,1.2216877360917313
1045.864054566307,111.0,2.8,451.8743686041746,2.0,-0.2547672565909928,2.6772995844822347,4.273148920386837,-0.7585178412623103,0.6562589373105107,-1.9671131469687264,0.6571986088868279
948.7479404903681,111.0,2.8,299.7944729414961,2.0,-0.030585893641584302,1.8552081412481556,2.3749437923983265,-0.3996441030538706,0.19206729530180353,0.20042703534444417,-0.5029270135217844
913.234611106299,111.0,2.8,216.0797105996876,2.0,0.15635864857022938,1.4578863898945895,1.3254214753759304,-0.16704448466320998,-0.1522720321351963,1.5943383396459985,-0.833366745009264
1314.8329788373874,111.0,2.8,441.3652510610996,2.0,0.7452427664317941,2.21578465920326,4.141737429798697,-0.0980245151345143,-0.75293212307908,-1.920924618223703,2.3464881367348536
1376.978714022257,111.0,2.8,246.59672617002138,2.0,1.6979432246013737,1.57365472033364,1.7048035210505055,0.7155005457871886,-2.2816119175616683,1.1656265063029307,0.2455396144340662
848.7859998737379,111.0,2.8,216.2778689153534,2.0,-0.07275252840072265,0.6501094748843959,1.32964062709354,-0.19948031363045635,0.16875083505773492,1.5916889884797465,-0.9272648359402832
1232.288863576604,111.0,2.8,178.91530749320668,2.0,1.436535480216915,2.796712230585118,0.861498511937917,0.48086476535507494,-1.9817835251357188,1.919047205851231,-0.7221298768846975
1275.2106484188405,111.0,2.8,408.4171924313002,2.0,0.7275132503558668,2.5382203736600526,3.730230424523834,-0.11784224990123741,-0.7615317081053258,-1.6442748265468883,1.7408724325737979
1240.7579950718116,111.0,2.8,167.34980368286364,2.0,1.5080036654265834,2.755443004512226,0.7166600437940548,0.541689155023833,-2.094796208137245,1.9724324366228658,-0.8296674116450126
1369.310835035738,111.0,2.8,365.770573142963,2.0,1.2234993244005654,1.6608236315062084,3.1977589605332657,0.317092758193787,-1.4990462826206912,-1.040890000434051,1.7426499412651533
842.9460229793762,111.0,2.8,390.3636342644269,2.0,-0.7459974140730922,0.5755212774081792,3.50380773342418,-0.7457118653520697,1.2857069859122647,-1.4200125220318527,-0.7702171370186475
1304.6585946892462,111.0,2.8,224.6723041231836,2.0,1.5219535546553542,2.3051047552884363,1.4346617673655833,0.5459520621949966,-2.0564567957013713,1.485854474324681,-0.15858532964395303
1204.6909114473256,111.0,2.8,271.9039775857731,2.0,0.987985333859308,2.910180938404395,2.021381349167457,0.12005955849636452,-1.2612157046948642,0.730857013462647,0.10073653526587421
1223.307127349092,111.0,2.8,263.429576861069,2.0,1.0859127896747245,2.8394698252568022,1.9172161521961038,0.1943919721507691,-1.4076002270288803,0.8826693994442737,0.07228988166103167
1408.6453340085236,111.0,2.8,453.30090887227044,2.0,1.0349662785352292,1.1951707798238969,4.2906256757485925,0.18701616089750525,-1.148129583154132,-1.9723684845059264,3.1205293043855495
803.3191168942283,111.0,2.8,269.5435122140866,2.0,-0.43724884742695996,0.04435407587063501,1.9943032104543001,-0.37277747956179763,0.7297100763971502,0.7747295690981678,-0.9909586514999575
1289.9802243093256,111.0,2.8,425.825244229918,2.0,0.7155118668507838,2.4281783507992776,3.947365313806524,-0.12548752911712516,-0.725678703156576,-1.8128446939145897,2.0171180036080183
1363.4832781160635,111.0,2.8,244.6599948066924,2.0,1.6570089931262906,1.7254230789772087,1.6828210233678957,0.6750264539998424,-2.2237278353602754,1.1955233950861202,0.19122952735318877
855.1693851363232,111.0,2.8,219.63059573954456,2.0,-0.06288176457233066,0.7341028269337034,1.3700662204184983,-0.2085178381420166,0.15971921827367416,1.5527639794705996,-0.9137947379427327
1427.9743023996207,111.0,2.8,275.6461062250711,2.0,1.770860722510977,0.9527923815458453,2.0703329163820667,0.8150032915560105,-2.354240904747138,0.660222231413013,0.7622140296296839
1257.8015707794439,111.0,2.8,335.2967049669551,2.0,0.9388575579624818,2.656865863617922,2.8159605797460068,0.06353853374078824,-1.130477680522048,-0.49135972378985726,0.8941801520676337
1047.858997626497,111.0,2.8,298.17959563817436,2.0,0.32908543310888233,2.690990379130073,2.351620473816048,-0.27232078035770546,-0.31347715394510345,0.230963958357542,-0.18187719856026444
1119.3200975963687,111.0,2.8,433.0137125346735,2.0,0.07936189566749344,2.9712117999062846,4.038006925660005,-0.5746231452261711,0.1732852143972181,-1.8678419462218405,1.0184501641341583
1395.1212844989536,111.0,2.8,340.44374066855835,2.0,1.4110737749966455,1.3602991445154384,2.8821669611580254,0.488195192885967,-1.786785478932925,-0.5898557122763372,1.5280574267586222
1428.985076294252,111.0,2.8,434.2147573462053,2.0,1.179448583057446,0.9394026067113428,4.051819477321418,0.32233508512254144,-1.3679207125360155,-1.8790975585186367,2.990894382434068
1197.8269827303366,111.0,2.8,423.59657898954447,2.0,0.3944898416498625,2.9316690644785357,3.9227110070031608,-0.3720515947078074,-0.2796115226579384,-1.7964482346703898,1.4293877938036383
1346.4980288357633,111.0,2.8,237.39833658988317,2.0,1.6232577018305046,1.9073771593305664,1.592861275563223,0.6406836658470905,-2.186519395251216,1.308641010459923,0.06577556622016356
816.7005622322304,111.0,2.8,277.3933762431799,2.0,-0.41766629497092767,0.2220355247304828,2.0940405163700646,-0.39792287434316415,0.712026844126872,0.6306492759948469,-0.9540391758512811
948.8875857344294,111.0,2.8,222.39080158613717,2.0,0.26106238442551505,1.861108144665782,1.4050766975957278,-0.15641863366215156,-0.2935050057141158,1.5150816564283252,-0.7581709117995882
1179.6470460923306,111.0,2.8,187.39522458064516,2.0,1.2155659031838093,2.974931353253974,0.9665699676354857,0.3240007659454356,-1.6635793415157245,1.867108913072224,-0.6828657013785495
926.7640760506735,111.0,2.8,346.8345830328641,2.0,-0.2861481969448986,1.6159784556495802,2.959782908668972,-0.5681656976661775,0.5973778359955699,-0.7068302620170789,-0.44449660932469137
843.9235116463319,111.0,2.8,251.40132565414325,2.0,-0.22357205759772397,0.5874811336281555,1.7690410618999945,-0.30943730232237165,0.41460398614617516,1.0876852633426886,-0.8995565853894861
928.6769055201679,111.0,2.8,270.0232010686891,2.0,0.010141768618426469,1.6370848675434893,2.000052379734987,-0.3233388508361512,0.1074761896055557,0.763258314845775,-0.653136191081941
1385.926294364389,111.0,2.8,232.4787534913919,2.0,1.785368948394294,1.471011017332994,1.5298767300208973,0.7916100863970507,-2.4136853204265707,1.3804217236103289,0.07808032319118548
1237.3466295475778,111.0,2.8,314.42773347618663,2.0,0.946248513752673,2.772355178942405,2.55504145136778,0.07131602877851795,-1.157780428582437,-0.0848618956467271,0.605568155842683
1076.4452614364427,111.0,2.8,332.8378195557835,2.0,0.3022611629096799,2.83736998442503,2.784834465552011,-0.33794235735763534,-0.23864367398376685,-0.4444472435188033,0.12553335370752677
824.9611089626007,111.0,2.8,278.27468421390734,2.0,-0.3910419612185309,0.33555248599368026,2.1028451034370477,-0.39828892516720854,0.6768345758208165,0.6117701537610791,-0.9288357745402255
1317.452037051434,111.0,2.8,185.2950529027455,2.0,1.7156478492968503,2.1917712200493207,0.9403163409833685,0.708717438985699,-2.3671423990999676,1.879619506983874,-0.5919704396652313
866.4608053085893,111.0,2.8,460.18459247812854,2.0,-0.9262394442768697,0.8816925363546516,4.378062293138961,-0.9561042315300154,1.6062533542616129,-1.989967669486735,-0.5398339204247381
896.9734684565119,111.0,2.8,244.17833338610842,2.0,-0.006175082079010897,1.264881718256024,1.6773331072946005,-0.2671337138532831,0.10385708730910279,1.2045197207809442,-0.7976222642518644
995.9315879605281,111.0,2.8,370.2072676893117,2.0,-0.12838133496113124,2.3123590605272097,3.2534559372570304,-0.5711104712934302,0.3954608093011121,-1.1142318866933099,-0.03810108508126031
861.1126178098025,111.0,2.8,423.62576798777815,2.0,-0.8087769897922383,0.8121528794115159,3.9213316246224084,-0.8437460933418748,1.4034729951780107,-1.7960003880095121,-0.6281564664117854
1398.9485977030672,111.0,2.8,331.5126724330391,2.0,1.4600645104718868,1.3144376098593884,2.767959478999717,0.5310793576853247,-1.8590785681858608,-0.4204093886251379,1.427125962844517
1118.544600695083,111.0,2.8,219.76511300556336,2.0,0.8762487037852448,2.969750094121504,1.3717741591686774,0.092157782198354,-1.1557707224202276,1.5510661975367341,-0.503370588097584
1446.3400219632356,111.0,2.8,290.5730350195185,2.0,1.7797763857056603,0.7164090061839585,2.2566068686729834,0.8379582606012953,-2.352298808904092,0.37812850561356576,1.029719120275916
1493.1922785705278,111.0,2.8,425.67124264043946,2.0,1.4421389389088612,0.09138613538452182,3.946662900827433,0.609080471801617,-1.7444134872267645,-1.8134546625103878,3.2638239917696388
1469.8190502253863,111.0,2.8,436.6736912742688,2.0,1.316915914548888,0.40469797867558993,4.084719103856874,0.4770572789321336,-1.5583636624356354,-1.892734440476105,3.2868274863263593
1288.464163888036,111.0,2.8,398.144040576849,2.0,0.8144329844247132,2.4400516137755197,3.6011270794712615,-0.04415825606194462,-0.8921447373000848,-1.5234468867011464,1.7059278543739302
1038.99081579971,111.0,2.8,205.26644926366146,2.0,0.6471212646757812,2.635556760214841,1.1910683143789085,0.0004484717273458281,-0.8476360566169218,1.7121214059438956,-0.7048438301814781
1067.7435841705326,111.0,2.8,241.98173742423887,2.0,0.6121024903197223,2.797710579276636,1.6501514573523848,-0.06563093905074627,-0.7634483002393856,1.2391160044091611,-0.4485234711694911
861.5750259278029,111.0,2.8,321.96029743645,2.0,-0.42448665278092307,0.8189815192685502,2.648339385413546,-0.5250053562761811,0.7671874725308324,-0.23343643233992084,-0.7634807688166207
889.0438734047377,111.0,2.8,400.03120134636333,2.0,-0.6206135279296399,1.1682175577162888,3.6241199887726285,-0.7583202354822626,1.1165408730442437,-1.5460063026387607,-0.5025950632609961
1322.3186134785317,111.0,2.8,240.6129349315053,2.0,1.526482861334448,2.147340880468334,1.6320309432402047,0.5547468976232752,-2.044165370209553,1.2596653564925684,0.0561526872454699
1490.7349286820972,111.0,2.8,167.9301742474034,2.0,2.3984436714400736,0.12332320424163815,0.7251172845994278,1.403158500643586,-3.3408434922861767,1.9689971629120726,-0.7226215964012137
1472.7123025257024,111.0,2.8,356.89295772299954,2.0,1.6263048711755403,0.36524559014075225,3.086730829790226,0.7383311775355921,-2.0714478147144226,-0.8875492354732026,2.1081631297306775
839.5524399823278,111.0,2.8,462.3248822465743,2.0,-1.0271959336094139,0.5269508796628919,4.402700514110626,-0.9716329704666762,1.7547049721912813,-1.9957310915652096,-0.7247631095361844
1174.100507323422,111.0,2.8,401.99900244083324,2.0,0.38979065927442363,2.9804864959421105,3.6504638245762617,-0.36006070047889743,-0.2962155708168771,-1.5730972041340494,1.1034797713448854
880.1210188465628,111.0,2.8,390.4515567415005,2.0,-0.6139505250650201,1.0549418339358585,3.5052363475513424,-0.7303292300452312,1.1019805218224894,-1.4206358242729962,-0.5713117512007515
1437.6664030930713,111.0,2.8,248.92571524873503,2.0,1.9055510147708263,0.8264666270404845,1.7368112229574932,0.9360205223426716,-2.569228051050531,1.1284692629355704,0.4082936008676277
873.624002489164,111.0,2.8,285.81571142740336,2.0,-0.2458312385534729,0.9745463291582721,2.19635818627583,-0.40646006033729015,0.48012219305883214,0.46972101527393845,-0.7754340580000972
1422.793956252363,111.0,2.8,389.9251390078042,2.0,1.3249318149397358,1.0193957671739406,3.4978566739935206,0.43699452150053625,-1.6144714610151714,-1.4134663184581613,2.3349745685465115
1006.6637468245656,111.0,2.8,356.28381009180504,2.0,-0.036486725535936966,2.4009042703194985,3.0781655219588684,-0.5136651200011607,0.25489779940552626,-0.8778934747994033,-0.04744266851926402
1292.821201163092,111.0,2.8,423.5417384404351,2.0,0.7335575935803379,2.404404927174071,3.918764806997056,-0.1097602522806256,-0.7555090576566905,-1.793496812114552,2.01010484766254
1217.3118882160693,111.0,2.8,468.53211191321753,2.0,0.2956923592289612,2.8638657557797718,4.481421240653068,-0.4606653024473483,-0.09561701974609617,-1.9994155317807027,1.966607538731809
986.5778090703062,111.0,2.8,330.11339201497395,2.0,-0.008284506520402055,2.2276404157467438,2.7524502727698623,-0.45587556385414985,0.190742199935755,-0.3942117270737107,-0.24984614674687303
1259.3041953272677,111.0,2.8,201.57097155691548,2.0,1.447113503626053,2.6473843708624623,1.1447331044488658,0.48490667167451457,-1.974584082807537,1.748806710740947,-0.4725840762097346
1231.2247816925164,111.0,2.8,425.4263914614522,2.0,0.5073933677139733,2.803172483402504,3.9426072791145668,-0.2926286414309498,-0.4348722573911065,-1.809883048954811,1.6512344678997475
1462.1900512926682,111.0,2.8,236.64020470258833,2.0,2.0413442917031097,0.5068718691703425,1.5838447523189898,1.0710624670717952,-2.769364219947982,1.3186522249919823,0.2798275549762969
1341.737960539313,111.0,2.8,469.9221286484924,2.0,0.7322310701287436,1.956697895329549,4.497452809851825,-0.10099077556613201,-0.7072996820698071,-1.9997516109151396,2.8693496569351313
1235.1721463263555,111.0,2.8,378.07078586180495,2.0,0.697632141581826,2.7845566203036456,3.351900914444504,-0.13168032026817603,-0.7506167349366388,-1.2384977286152181,1.2168311341609912
1410.3259780633157,111.0,2.8,234.80597741942756,2.0,1.8617466173174193,1.1735656977644426,1.5599289002595613,0.8747743385757122,-2.520909279484882,1.3446269033661682,0.1563115748989131
1085.3681970153666,111.0,2.8,218.237872099274,2.0,0.7636809529960451,2.8748627397507494,1.3542630354881193,0.03548428844006859,-0.9995106605285842,1.5686247178834178,-0.565023637400986
890.7595154189282,111.0,2.8,458.8224241452991,2.0,-0.8330173950322309,1.1884921941934976,4.359583226455845,-0.939988532027524,1.4773183201229243,-1.988541170792759,-0.37303638808829687
1453.4703460382777,111.0,2.8,357.65508244807035,2.0,1.5538325759939193,0.6218087612877368,3.094329162921744,0.6568160794594967,-1.969587565484294,-0.9030654894210116,2.028179427023797
1414.1017894228764,111.0,2.8,236.02173290244792,2.0,1.8725490166596976,1.1281030925237507,1.5770200824711293,0.8883957087909402,-2.533406887471451,1.3264034739969381,0.17973417256265614
837.5561547286727,111.0,2.8,275.56374192752446,2.0,-0.337721195435318,0.5049097319741377,2.0698719476199288,-0.3880450598541894,0.594950035618457,0.664577143770944,-0.8945318276313786
1000.5061204588014,111.0,2.8,326.46535719086995,2.0,0.05608454125074085,2.3491668733435747,2.705601146740046,-0.4289484005762024,0.09930382163846335,-0.32399829762176124,-0.209802578729441
1014.047998126786,111.0,2.8,161.4184406115296,2.0,0.7218133875083366,2.457552127526528,0.6430242983129705,0.10569349060105773,-0.9997373843085935,1.9884340875618798,-0.9452914347248809
1391.932608894544,111.0,2.8,231.02991971632989,2.0,1.8095082698175968,1.3990259145891286,1.5144577918938806,0.8199001510519268,-2.453591485029695,1.4010176140732822,0.07083394569227319
1274.0336473779548,111.0,2.8,364.8618958267565,2.0,0.8878791297010598,2.548487761704848,3.184927837777143,0.014689707848902825,-1.0286436539689021,-1.0266167246203626,1.2750045360237527
1244.953337905785,111.0,2.8,265.97932688816496,2.0,1.1541034580216718,2.7332994175670495,1.9505404510930129,0.24438285400792764,-1.4989447882331657,0.8367338499773745,0.1510444900691448
832.2350712108567,111.0,2.8,231.98325665693713,2.0,-0.1924950433446839,0.43193953814500097,1.5243964775617584,-0.25343825743130927,0.3527547195715699,1.38764931437274,-0.9414083929904545
1173.6133372277502,111.0,2.8,370.55383383357514,2.0,0.507197683247815,2.9821827124980818,3.257792854625555,-0.2619026634301949,-0.4895626796222958,-1.1192021251140174,0.8388715264583659
1057.185788087832,111.0,2.8,330.9192302463213,2.0,0.24032964894450212,2.7417102374497144,2.760565553246783,-0.36115534618177875,-0.15488964478637895,-0.4073656048474035,0.03926528127516667
1237.9028260579812,111.0,2.8,193.61429957868367,2.0,1.400263153894217,2.7689504545394255,1.0456917575009552,0.45052533000036954,-1.9161352744008093,1.8184673882071134,-0.5730722422394547
1129.437777087308,111.0,2.8,175.72173694852899,2.0,1.0802246186430513,2.9861406329228783,0.8205670400481345,0.2538753844657021,-1.4871414842918271,1.935951874537179,-0.8119214897207738
1028.5605096594359,111.0,2.8,237.64950756424577,2.0,0.48858023004212187,2.5649724875470747,1.5953859757725515,-0.1144250120895201,-0.5932076453663189,1.3055465475005081,-0.5528837557482627
1054.5678690233883,111.0,2.8,435.8929177551122,2.0,-0.16393916526287952,2.7281345207497725,4.073278709852383,-0.6944395882443872,0.5106906772314832,-1.8888904735118264,0.6251432292525609
1065.2259659479803,111.0,2.8,342.54647415685184,2.0,0.22639825150606652,2.7839813646023446,2.9062352922881716,-0.38493020270993167,-0.12286047913750897,-0.6287816410706678,0.13953431536859784
1255.2366022535368,111.0,2.8,456.12422507348185,2.0,0.47778952190602547,2.670824176260912,4.328293633912007,-0.32382647365981876,-0.36312735741924324,-1.9821430765185286,2.1093191759133645
1473.322144885779,111.0,2.8,269.0915982116161,2.0,1.957270937064212,0.35905207186094995,1.988212072082976,1.0156419522388775,-2.622634949171298,0.7812043508511191,0.7894549779057107
1373.1702586373553,111.0,2.8,463.64595370438667,2.0,0.8728259691327122,1.6180208679313923,4.420442577787644,0.024293437210848756,-0.9065972651389749,-1.9956100860376538,3.0126350098163934
933.7663691831183,111.0,2.8,312.37978996049696,2.0,-0.13038817616602186,1.6950502826037033,2.529582161011213,-0.4518543326772206,0.3455489056061165,-0.047129165046890784,-0.5170299780231148
1333.2873211041026,111.0,2.8,402.30779699082575,2.0,0.9591821260990863,2.0404039461543872,3.6547696216533376,0.08221539094072927,-1.0884370647959851,-1.5739623050058686,2.0033796987947485
851.922352506879,111.0,2.8,396.9425202428979,2.0,-0.7392921229356396,0.6912034744220589,3.588769500643472,-0.7618606636863837,1.2811663833244573,-1.5069462745721918,-0.7136446054910688
809.7684614493186,111.0,2.8,299.4859209476658,2.0,-0.5255487620129218,0.13299997596953067,2.3691568941182752,-0.4652714039931662,0.8857953742713581,0.20530780867491163,-0.9672454345895262
1174.2710799252118,111.0,2.8,383.370534792399,2.0,0.45993699503795626,2.982022418434636,3.417681034800169,-0.3000624811526719,-0.4125272918312904,-1.317369284737364,0.9504465997808651
1017.9499455771182,111.0,2.8,293.73427571079617,2.0,0.23866224773583544,2.4890547729086867,2.297102703567689,-0.30278085439637425,-0.1903907283689549,0.31758337420984606,-0.2999312024483825
1204.386308293622,111.0,2.8,392.71762041171377,2.0,0.5333612910227741,2.911491843683454,3.5330976552101343,-0.2601396934209783,-0.5048300922939206,-1.4516882466059495,1.1917522748475722
1448.6200367256056,111.0,2.8,218.65883128340445,2.0,2.060086595663575,0.6866525152558153,1.356204020016948,1.0717562307974926,-2.8135534692609916,1.5635105089534893,-0.004966204658270873
1005.7419894098045,111.0,2.8,313.77120146233324,2.0,0.11981239777645215,2.3932509111837086,2.5459426439844397,-0.38112003584994936,-0.006054570687875432,-0.07149988178997656,-0.24760816965411542
1294.5118743774108,111.0,2.8,386.3010089900275,2.0,0.8801154204817455,2.3895133537673767,3.4545665875800147,0.010531656986149936,-0.9958810953997003,-1.3625308765587811,1.6089684196678673
1112.196143777605,111.0,2.8,335.38394263392894,2.0,0.4183211096668387,2.95634363966263,2.8159455839427077,-0.28170759316294136,-0.4014200422204001,-0.4927123047794891,0.2907502863666675
887.5493971594461,111.0,2.8,458.26767879600004,2.0,-0.8432820689818484,1.1474972433250634,4.3539025854682505,-0.9420863381573983,1.4872650225398147,-1.9862522795504436,-0.39800892349429223
1096.209651253147,111.0,2.8,226.0228351814966,2.0,0.7716440649075599,2.915226831645045,1.4499086885520311,0.030851164449975658,-1.006062099555733,1.471052330728358,-0.49715939996198694
874.5134920940703,111.0,2.8,170.49803381170605,2.0,0.18950368264814915,0.9848655229557438,0.7557429008687929,-0.044716238240568425,-0.24567975793095356,1.9587710882570155,-0.964970251213203
840.8112952948553,111.0,2.8,407.38896643454007,2.0,-0.8208876714445164,0.5437584643446431,3.7166124103029947,-0.7999709589555274,1.4050735242241756,-1.6338519868629415,-0.7658831077949989
1375.3663943004012,111.0,2.8,277.7784532967653,2.0,1.5754442147994405,1.5920108888491695,2.095919750323488,0.6144913747696269,-2.078451132749082,0.6240581359861772,0.642360792412516
848.2789654635287,111.0,2.8,271.440614502682,2.0,-0.2824188107481725,0.6450774527694416,2.018245992512845,-0.371429081577706,0.5186600956706108,0.7383710716660211,-0.8693101789411135
1374.0035585171377,111.0,2.8,225.93270793394737,2.0,1.7661896689772947,1.6108532822160617,1.4491962045611266,0.7733590940583718,-2.3963620687836595,1.4701016344144735,-0.028046990743325707
913.9080071846477,111.0,2.8,442.18029240040045,2.0,-0.6895166167192115,1.4687656854411644,4.15234446962839,-0.8725929007714741,1.2568349973938344,-1.925062596446433,-0.2571046672789418
1428.1551331970695,111.0,2.8,274.794771929742,2.0,1.7763490597180742,0.9509334208383117,2.0593274157423354,0.8172040370404983,-2.361433667038062,0.6777207483916068,0.751814637867732
1449.3374181890372,111.0,2.8,385.56200442410216,2.0,1.4345164591132316,0.6774438455672667,3.4447342811584343,0.5550267245253332,-1.776841919484487,-1.3527034779724767,2.4147613143949673
1401.2793667794122,111.0,2.8,262.7208710169282,2.0,1.7237428413945266,1.286274527116941,1.908958865210462,0.7541178413891637,-2.3028370345434928,0.8970269044165682,0.5144413464561359
1167.3187384148791,111.0,2.8,461.5235674004548,2.0,0.14415429301896088,2.9898705924988223,4.39338559211275,-0.5590841454515949,0.11008767356645018,-1.9950155303387243,1.5566475717373884
897.0248909301873,111.0,2.8,466.7379703735658,2.0,-0.8406216855570803,1.2652649779166347,4.459728565367235,-0.9590256847718702,1.4948968626236958,-1.999966638287081,-0.3138329339557019
991.4662844484233,111.0,2.8,256.85280104959975,2.0,0.28416689368399584,2.27228553587911,1.838737516326298,-0.22219556377958408,-0.2891575935536571,0.9956925515593574,-0.5446563647823168
1097.3102366907383,111.0,2.8,197.16594981921133,2.0,0.8857804305099993,2.916460564025667,1.0883045730170662,0.12404272752191452,-1.1907286764003442,1.7897296448738405,-0.6865195284274703
1152.2478654658737,111.0,2.8,341.8777206264105,2.0,0.5390836510669192,3.000778719875987,2.89683073857578,-0.22107387962907718,-0.5623694887457992,-0.6158141935721725,0.5087795989830818
1473.808910173651,111.0,2.8,430.2744563796009,2.0,1.356126932692869,0.3509590447223877,4.004501247023151,0.5120376440546437,-1.617136844031919,-1.8488305396762374,3.2146321682229333
1156.3101188564347,111.0,2.8,324.555035812944,2.0,0.6190276723506555,2.9998183715583524,2.6815106529207293,-0.156033958427637,-0.688127129784352,-0.2858033860096687,0.3885722972397416
998.2670454736592,111.0,2.8,339.94695559013945,2.0,-0.004692513469239311,2.331574324006926,2.875311185550079,-0.4726773237623871,0.19453575458799263,-0.5797687748884641,-0.16027656558095538
1261.4767092887369,111.0,2.8,445.0621243146249,2.0,0.542359820272059,2.633304887685625,4.188425720233061,-0.2695369714316204,-0.460995531122525,-1.9406763749999234,2.0400524964356452
1374.7024942720268,111.0,2.8,427.5001619768775,2.0,1.0119048236642638,1.601047387036701,3.969676895105649,0.14379082214699976,-1.1396628453507753,-1.827247172054205,2.5584856586849174
1234.74146485358,111.0,2.8,173.6268579886408,2.0,1.465217668848701,2.7867231321652444,0.7952270029314872,0.5057984173726242,-2.025360527352638,1.947607890605566,-0.7697748437483458
1087.869407719711,111.0,2.8,175.25760438570768,2.0,0.9327399580101442,2.8855949283698505,0.8153486830425005,0.17556949291006885,-1.2817117586702,1.9381685823973955,-0.8369657781754096
1231.55651145488,111.0,2.8,412.14594837726094,2.0,0.5589187515295383,2.8004312083242917,3.777257829555825,-0.2480669636241367,-0.5186695756786486,-1.6856341549431464,1.525155781950761
1345.7241443005753,111.0,2.8,428.0876197424595,2.0,0.906890305416223,1.9156397539612582,3.9764548082229503,0.04350047446251899,-0.9904835677453803,-1.8343009772661272,2.3866043771474508
1242.9532311837272,111.0,2.8,160.05664061399173,2.0,1.544871462129888,2.742669359667821,0.6266555977196434,0.5688610181931136,-2.153382049042836,1.990264470591567,-0.9008849211400003
914.2198920237363,111.0,2.8,205.26497746155812,2.0,0.20058579384221903,1.4719845830573683,1.19208434649585,-0.13437266763284855,-0.2246932779958294,1.7126934425266287,-0.8585661022663471
1078.9746502812147,111.0,2.8,246.12626241597445,2.0,0.6366189532816889,2.849757226969187,1.701915818370724,-0.06153007254762713,-0.7940766356571362,1.1743189994609964,-0.40018228432700825
1364.9910984745973,111.0,2.8,288.13056192561595,2.0,1.4994314903151165,1.7102057830061017,2.2277646717837034,0.5455717844446993,-1.960541439699933,0.42547560492251424,0.7419044768257115
1420.803276635876,111.0,2.8,280.278730387034,2.0,1.7299692948004917,1.0459065890280914,2.129356638364557,0.7711453715719272,-2.2885284686300724,0.5766405524498013,0.8045000934762273
844.4360126616523,111.0,2.8,297.6718394587692,2.0,-0.3947426907198998,0.5954127420599591,2.346463891315964,-0.45689622342517755,0.7005252029431335,0.24297397087550052,-0.8534776004954726
1006.2426164449139,111.0,2.8,353.5799875490534,2.0,-0.028017545567364542,2.397925238660125,3.04547416153911,-0.5067178219360073,0.24218632155338005,-0.8306168319885131,-0.06431426104730475
1140.0745806717919,111.0,2.8,163.84720713132782,2.0,1.1636386027182484,2.9969121318245353,0.6714978739819362,0.3106021878940615,-1.614519894554712,1.9826195581950075,-0.8944455422113148
1032.6208437450675,111.0,2.8,331.5520274159211,2.0,0.14904870866946102,2.5938603225332284,2.767070915778491,-0.4029530067262125,-0.02844527678721069,-0.4183201949222233,-0.06007431074254766
892.2346548896345,111.0,2.8,176.93380507534076,2.0,0.22934347145091621,1.20589807567096,0.8361840725361274,-0.05833052950729956,-0.29443582148906267,1.9313262064343073,-0.9450989474272462
960.9462126487907,111.0,2.8,320.44515289248625,2.0,-0.06603415438948032,1.983923541006992,2.6291556393565134,-0.45210443290703,0.2591444929195061,-0.2038658883414113,-0.3856257777873929
1140.3524525142077,111.0,2.8,157.58914042859533,2.0,1.1854600671352356,2.9982786625139757,0.5946772219673542,0.3313847830536453,-1.6555298405723895,1.9960885340450842,-0.9430109815337557
1390.3118179156206,111.0,2.8,216.2084333625926,2.0,1.8597588115673809,1.416913761053128,1.3295582609692485,0.8592982246160297,-2.5380570594262837,1.5925653749155415,-0.12617229562350374
993.1075610616014,111.0,2.8,155.04781710402838,2.0,0.6719492172046332,2.2865566467582585,0.5635690842555835,0.09924891046781008,-0.9343143552142766,1.9986375996007308,-0.9785556848289398
812.2264008174837,111.0,2.8,220.7470067674222,2.0,-0.22133979106011462,0.1635698126324895,1.3845044706041194,-0.2214377672610102,0.38021486053435344,1.5376243972381485,-0.9805620851146262
1430.440106555996,111.0,2.8,277.0257731941374,2.0,1.776179033788387,0.9203708886267524,2.088580727832013,0.819772509418581,-2.359130095254313,0.6373983090238029,0.7882788031590866
1284.205178201515,111.0,2.8,372.2801459993434,2.0,0.8956873234183099,2.4717942125215613,3.279839171405565,0.022814483575403655,-1.0298718107991232,-1.147843436782422,1.4027669003524128
859.4561331209947,111.0,2.8,260.72242975759474,2.0,-0.20336213361895059,0.7921161550375138,1.8833154386042064,-0.332650480286288,0.39375518475342436,0.9291213885234753,-0.8540980255144097
890.2652364482327,111.0,2.8,263.089167340398,2.0,-0.1022416696549093,1.1825640117510414,1.9137274083803242,-0.32826068615380405,0.25425754315658283,0.889376054044683,-0.7720526112680628
943.6274443443657,111.0,2.8,183.78730337720665,2.0,0.3868196627305673,1.8022058305509825,0.9235612219598042,-0.04039628789207317,-0.5046580300853618,1.8906975903875847,-0.8903811192683642
1121.3700933641414,111.0,2.8,234.6931426516235,2.0,0.8316283596086036,2.9752110886873093,1.5582071163617357,0.05000610926906574,-1.076218169243511,1.3468184520283335,-0.3914462632228455
919.2593386114858,111.0,2.8,259.5889245769663,2.0,0.015338889986515914,1.5302756256934202,1.8706120550521144,-0.29762408731535644,0.0872207906346787,0.9525566818282678,-0.7076777616792977
1041.0483070829598,111.0,2.8,448.79342229919723,2.0,-0.25987466381706315,2.647850941612107,4.235912078112436,-0.7546853269218258,0.6632940320287514,-1.9569909917407806,0.60736675643648
836.2603275467955,111.0,2.8,403.8340052038936,2.0,-0.8242155988587162,0.4838997386240146,3.6728641447829546,-0.7896226730324317,1.4049421815761745,-1.5927035581493705,-0.7943192104375653
998.898433564222,111.0,2.8,356.3759961775176,2.0,-0.06314936050242861,2.335371473629877,3.077618317349099,-0.5216808806796877,0.295993524094879,-0.8781278535079357,-0.08320239054811407
878.3220161956534,111.0,2.8,341.15062469778854,2.0,-0.43603799047222624,1.031436992380686,2.888119337692707,-0.5784387080673107,0.8038060678418557,-0.6009862489378656,-0.665615968355792
1000.3091214635089,111.0,2.8,340.8331743731978,2.0,0.00024737694375221196,2.3495047996170926,2.8847104179225465,-0.4729169948050804,0.19114229545295885,-0.5956741828644856,-0.14809069298089372
1417.8769657702865,111.0,2.8,360.9486103066523,2.0,1.4166266246794708,1.0811948126958923,3.1374147207992844,0.5102385845172579,-1.7696561045291523,-0.957059633167212,1.9074278242109863
1109.0142210903446,111.0,2.8,330.8394301044109,2.0,0.4250328491263278,2.9514237030103003,2.760422133277175,-0.27344075663991096,-0.4134641174370658,-0.4056619867386173,0.2489808050297631
978.0651281783967,111.0,2.8,160.63710124033068,2.0,0.5953311246799379,2.1517742872317163,0.6326193803634105,0.06415845266361388,-0.8242043675146238,1.9893989227015705,-0.956746801581217
1066.2366974028164,111.0,2.8,341.9661119775951,2.0,0.22901027582918665,2.791242634301874,2.8995091640999755,-0.3824107442462456,-0.13240035679133927,-0.6180373783192689,0.13994914976361061
1046.7206628766598,111.0,2.8,368.3482582581855,2.0,0.06221987990743564,2.683603704457369,3.2295119164343,-0.4946939597437009,0.13179666779919913,-1.0832796384627361,0.20419247592190873
1167.759666449962,111.0,2.8,310.80039927299606,2.0,0.71072912057435,2.9879265284651675,2.5096990535832084,-0.08884556590984735,-0.834179925784257,-0.015957633870428027,0.31789297030600694
857.4105663745493,111.0,2.8,171.75884530811942,2.0,0.12056989794462891,0.7631646052093272,0.769904920666518,-0.05813803804480696,-0.15176754221520056,1.953981609454243,-0.9701284486561952
1208.8859005316501,111.0,2.8,339.1956632172817,2.0,0.7514440146557821,2.8957373832934645,2.865339336201689,-0.07961581835825864,-0.8617864973972429,-0.5663632072333503,0.7277183028366361
1278.9577889924315,111.0,2.8,153.13821151163577,2.0,1.70014454982945,2.510385010291351,0.5382462972114903,0.6921164776164707,-2.373820701864183,1.999648820553555,-0.965884570451797
1265.8673676165263,111.0,2.8,330.41207935831267,2.0,0.9859732091636191,2.604065157358803,2.755462416090867,0.09838216688419457,-1.2016433887700642,-0.39631258668610686,0.8761434880037163
1062.7850717919273,111.0,2.8,383.08180664318957,2.0,0.06503777423437387,2.7729259683553957,3.4120008820319634,-0.5191408484235335,0.14326113336318394,-1.3162325836044007,0.365228076372822
1404.385986877197,111.0,2.8,307.7478926404757,2.0,1.5647289116577612,1.2489335804746897,2.4724896702390633,0.6243508559702794,-2.035731595015287,0.04194706357423921,1.126558281666328
834.1491123924025,111.0,2.8,395.14378694126646,2.0,-0.7970264757441579,0.4581280217852996,3.565425225850659,-0.7627979699038187,1.3599187012161995,-1.483536718206331,-0.8133113718070619
1458.1123812663545,111.0,2.8,154.53748368692274,2.0,2.3330682248971066,0.5590657748801772,0.5580904481334149,1.311232258492419,-3.261979412961237,1.9990508272851202,-0.9343944999871967
1450.4933774800188,111.0,2.8,357.6909856016785,2.0,1.5463764599759964,0.6606852854972011,3.0961645045822337,0.6460796256835906,-1.95485563993042,-0.9016644347228,2.0154709415578456
1068.6337291670677,111.0,2.8,264.20035418750274,2.0,0.5316505433670623,2.8019904896874004,1.9277670795211306,-0.1350708613069864,-0.6306890486249014,0.8695998603316397,-0.3155517205857857
1202.662365330375,111.0,2.8,151.5871843368993,2.0,1.4303799951043707,2.915402989748871,0.519692601457206,0.49139148153076573,-2.0031598052614497,1.9998779905901791,-0.9858547871726863
1393.59845030401,111.0,2.8,352.68925312003864,2.0,1.3598904985080944,1.3790629401580639,3.032158450564765,0.4454767508710021,-1.7009508633207278,-0.8154217067457926,1.6852271995467387
1450.0541015185686,111.0,2.8,230.34087736505847,2.0,2.0193316457659267,0.6678510951667355,1.5067579049108684,1.0432313526334012,-2.7474600234699453,1.4082632424973183,0.16469226425865607
932.29464231732,111.0,2.8,318.42472679575013,2.0,-0.16080012481041656,1.67821474367872,2.6059303034519123,-0.47286621616087265,0.39073047814160705,-0.16467502402562922,-0.5022554148190213
1140.4402971370314,111.0,2.8,295.09593466374,2.0,0.6723027014286573,2.9963918394392675,2.3144843294888315,-0.09960202037304977,-0.7957897411237214,0.2914322511809198,0.10406848072453125
1229.392041787336,111.0,2.8,262.36854765130465,2.0,1.110937842449187,2.8100837885349828,1.9042170672521521,0.21241114555834859,-1.4435414267502455,0.9012326395806862,0.07844083372446808
962.43541458605,111.0,2.8,211.57852366651414,2.0,0.34968210213204404,1.9975362200259634,1.2720332614589238,-0.11271981344020102,-0.4264695960701195,1.6480480986320662,-0.7766212745569572
1132.1896764775493,111.0,2.8,454.275419230705,2.0,0.04655850082644657,2.9890693427857373,4.302991681903567,-0.6149684244238279,0.24134952948071486,-1.9762667302831478,1.2562477112559416
889.6085495727236,111.0,2.8,419.6063087645148,2.0,-0.6901586322702907,1.173441403833063,3.8694470198128883,-0.8166908360083742,1.237539801940996,-1.7592598684561989,-0.460990273111971
1396.806530199784,111.0,2.8,192.90804058072965,2.0,1.9705997828960768,1.3407274593631737,1.0363343727748433,0.9561474086006658,-2.7161247619978486,1.8252256071453432,-0.4271905387307385
1235.6623913186577,111.0,2.8,258.8347915959013,2.0,1.1486765330124682,2.7814572688137686,1.8608430852879552,0.2408094905209047,-1.500398201704552,0.961105256790382,0.059679811614173316
1067.6342895798748,111.0,2.8,335.9985817781833,2.0,0.2587168085549266,2.799199086250099,2.8237166641821587,-0.3627631698034753,-0.1757852127286129,-0.5055152333280796,0.1121659620558976
1233.6942955493544,111.0,2.8,228.39717773002266,2.0,1.2524012110028482,2.7900792653747657,1.4786671465940084,0.33032222238357695,-1.6772349217586673,1.4354519909818557,-0.24102010400307802
1033.4249597238495,111.0,2.8,261.58101659847176,2.0,0.41511412461078945,2.598133408634352,1.8943994806709583,-0.18265905253304845,-0.4699340662206633,0.9151697581853936,-0.41944923273154333
1315.371092435521,111.0,2.8,317.0103587892445,2.0,1.2148728405480202,2.2119663493304,2.5865465630244855,0.2914708721747014,-1.5344216092215466,-0.13738927279898808,0.9232314146708416
1364.1193820021342,111.0,2.8,409.02620774422144,2.0,1.0445267484491165,1.7180385104151537,3.7382876523758113,0.16435772775165886,-1.200340001911192,-1.6518880447377358,2.261578722083307
820.5630072707642,111.0,2.8,373.94156245607,2.0,-0.7641806393888403,0.27659857518882014,3.2987444018364984,-0.699062872797733,1.2979500884602595,-1.1741623594182566,-0.8971798857963118
865.9785851142074,111.0,2.8,271.52004112419695,2.0,-0.22094767281717892,0.8759193713487279,2.0183386789667632,-0.36715863320548947,0.42856732155005467,0.7371369348732124,-0.8211380380973987
877.9213652779052,111.0,2.8,370.66650529376494,2.0,-0.5497861894514644,1.0270857383684036,3.258752183311183,-0.6704164782747627,0.989506910294972,-1.1223375782508573,-0.6160440942786322
1103.0770364535904,111.0,2.8,223.75428040578595,2.0,0.806591206746459,2.933827676837896,1.4222588472271638,0.04995801399096144,-1.055280177940378,1.497407380446934,-0.4990158494477646
1319.2024617717452,111.0,2.8,311.0892003880931,2.0,1.2499374754454062,2.173934367370916,2.513195776161882,0.32295502963747613,-1.5892087113864857,-0.02055718593007635,0.8656426881128608
1150.6152703636153,111.0,2.8,365.6285175729522,2.0,0.4433164607115476,3.001791905553734,3.196294808376061,-0.29714402835037157,-0.40614958784988997,-1.0392493110991885,0.6865968584371676
830.7291370276781,111.0,2.8,385.8461655126174,2.0,-0.7765182785901082,0.4111361945758727,3.4464606131278748,-0.7348060535161197,1.3184520501059518,-1.3547708217019414,-0.8362975852106155
1058.733895539076,111.0,2.8,362.3242839077484,2.0,0.1268151106025824,2.75171051712831,3.157671112687064,-0.459844576975346,0.0334159086363676,-0.9818914386598644,0.2244527525433763
1133.5638100715407,111.0,2.8,416.5397235562617,2.0,0.19007214692375612,2.99254111300598,3.8324053947325383,-0.49343758063037785,-0.0016691031314278024,-1.731779047896159,0.9849497373651679
1210.8682957216681,111.0,2.8,455.02696956834274,2.0,0.3240154853806436,2.889140015501396,4.313472649103289,-0.43441739497791354,-0.14737353835802894,-1.9790031090682254,1.7976028650548916
1348.0022609083653,111.0,2.8,276.311575351378,2.0,1.482373149722828,1.8898461904797332,2.0797457218242625,0.5248859916424137,-1.9494258665072073,0.6492854322927918,0.5444812546164022
821.6963744133772,111.0,2.8,219.01904826357793,2.0,-0.18104889921234432,0.2917472663653298,1.3631672352299462,-0.2164852971238985,0.32266810075584207,1.5581151660087693,-0.9673990679287349
1222.0532079476147,111.0,2.8,220.8482825683851,2.0,1.2415940417519653,2.84522765338895,1.3860151751470708,0.32250542131708826,-1.6672228672588645,1.537258579772331,-0.3317980020986126
1347.854520826362,111.0,2.8,254.60553793095363,2.0,1.5636379272308443,1.8939302603946229,1.807846944050099,0.5923833931372929,-2.0870081124284523,1.0350175202267495,0.2793892475539848
973.4916009714315,111.0,2.8,314.1713780993734,2.0,0.0038271732914144088,2.1069310355833917,2.552229637226589,-0.42090551495305994,0.15760190899569765,-0.08167503103410674,-0.36568665800614736
1281.0868746863207,111.0,2.8,219.72086124162078,2.0,1.4558886487891542,2.4986390941824244,1.3704110113094619,0.4904364430940246,-1.969258588586296,1.5506374633243472,-0.25070717733965386
971.8766965506403,111.0,2.8,153.22646947161982,2.0,0.6036341887783305,2.092377972215174,0.5409968726894178,0.08067980935269618,-0.8405241588567544,1.9983029652314712,-0.9894018124546864
907.3740789068443,111.0,2.8,277.4328146768488,2.0,-0.09252757409123992,1.390201139160509,2.0919040532369046,-0.3620766708628224,0.25871199800113687,0.6298630480640177,-0.6936906128022833
1489.0789676481052,111.0,2.8,238.27672829256238,2.0,2.130328064001662,0.14717441843861198,1.6034706804262353,1.17878300706295,-2.8914639024567976,1.2957282191290393,0.35668746332491874
1277.0899428793816,111.0,2.8,294.7491802885251,2.0,1.159145139061982,2.525131182804353,2.3096523086728933,0.24284271787911058,-1.4821665371134929,0.298442555719793,0.541475551730007
1398.7210023188823,111.0,2.8,327.74894759575614,2.0,1.4691661311698752,1.3184651358821329,2.721556667152329,0.5433144741075164,-1.882940642157725,-0.3464898625990129,1.376908625265789
1171.5848629466532,111.0,2.8,253.79515423231535,2.0,0.9377133435387418,2.9863600698602775,1.797107327354541,0.09876634616785478,-1.2077861882658398,1.0489449568278302,-0.14020142910809605
1094.7228201523044,111.0,2.8,213.41308302114865,2.0,0.8127014167694967,2.909260217873908,1.2920334797515045,0.06701417915848906,-1.0787819258516091,1.6238009671384963,-0.5826379149461574
1177.4328062482305,111.0,2.8,256.8133611017966,2.0,0.9474203891086946,2.9780526236223643,1.8361138489152897,0.10158065415435884,-1.220355802263562,0.9974705143455853,-0.09996961791346456
829.9925607625231,111.0,2.8,229.1288363817451,2.0,-0.1889887255686091,0.402873515741772,1.4897499086154828,-0.24626300779088317,0.34572971832048444,1.425506884076074,-0.9485938086604697
1304.207348422548,111.0,2.8,234.55511890411208,2.0,1.4840824957372911,2.3113023474129317,1.5561210889997144,0.5127134648896062,-1.994037514076873,1.3472950557806886,-0.04773872009118187
823.2476914626848,111.0,2.8,157.48256158892772,2.0,0.05543519878814968,0.3118316274252337,0.5957297106650262,-0.020441722413101143,-0.07128589448850256,1.9945224834280715,-0.996352419084648
1096.3719187883964,111.0,2.8,159.09651780295124,2.0,1.0259500685825262,2.9146249733453353,0.6143895794268264,0.24272650369394627,-1.4222178644095005,1.992012733485892,-0.940724247492771
1079.318443613257,111.0,2.8,253.28395553818916,2.0,0.6090555022233974,2.8522733511133187,1.7904087442375605,-0.08287986148287514,-0.7517390868948634,1.056249355106119,-0.3568431119946533
910.5807227064637,111.0,2.8,244.60470516720463,2.0,0.03976986667556112,1.4292078032555302,1.6830384420012134,-0.2569827115466163,0.037170121894682225,1.1973252656092233,-0.7671636838319704
1380.988620399096,111.0,2.8,438.52949860314294,2.0,0.9932186364589776,1.5274447519833303,4.107656760208458,0.1308988353699931,-1.1007227716823933,-1.9060457513870057,2.7403694970355312
1378.873258884898,111.0,2.8,442.15852967501394,2.0,0.9725547643642146,1.5493109694915879,4.1512749491644785,0.11461274313127105,-1.0694655058891678,-1.9250807472735612,2.7741620545394263
1207.6304616088241,111.0,2.8,160.05110116703838,2.0,1.4187792386545415,2.9019600137318777,0.6252690336892253,0.4770216020284204,-1.9762842109688015,1.990769366357717,-0.9078733737683016
1195.1821544293934,111.0,2.8,181.52849355628592,2.0,1.2922876703106283,2.9401717688693845,0.8932990133355893,0.37985942936222844,-1.780078495582093,1.9051476160053198,-0.7217296107707973
1047.6725400707344,111.0,2.8,323.66126033936416,2.0,0.234187605192501,2.6882074996464267,2.670917304978747,-0.3543099475549407,-0.15482179802478196,-0.2675145028484828,-0.039700365780555275
1195.289217840061,111.0,2.8,444.462559990775,2.0,0.308414949859436,2.9384215918114935,4.182670018157345,-0.44193744885198794,-0.13620227156985093,-1.9382430292739623,1.5989903166564539
1391.1452807634168,111.0,2.8,325.96647401643565,2.0,1.451377683514357,1.4070128753598896,2.7006199598663527,0.5167496792668828,-1.857616789059387,-0.3121523335601619,1.3226441751627043
1043.116366688938,111.0,2.8,200.0805939410385,2.0,0.6808672665737543,2.663056669305273,1.1269499007186745,0.023983694102882737,-0.9032922911539122,1.7649015824968672,-0.7287173251898998
1142.7832783673794,111.0,2.8,201.0810250973732,2.0,1.0336151491375736,2.99602102106676,1.1388641659399112,0.20040522169803435,-1.3939837045824344,1.7536303994204683,-0.6095059675913446
1012.7999231244128,111.0,2.8,358.5647832793783,2.0,-0.02182456404032406,2.447180572624205,3.1063137659983693,-0.5136722463346338,0.23811851816526372,-0.9181942633524164,-0.010003249700105625
1298.2526282078047,111.0,2.8,260.9735648685035,2.0,1.3634482797515968,2.3587628247009125,1.8878872666112232,0.4147987565208975,-1.7967250098055123,0.9264664385597975,0.2339664982759119
1290.0566129487634,111.0,2.8,338.73782480857983,2.0,1.041784580497567,2.4273576996120036,2.856838332455789,0.14690303275863714,-1.2686705922839623,-0.556473330076109,1.0649642676006603
1346.0605419877093,111.0,2.8,161.9019702243833,2.0,1.9048056060035303,1.9116987131378933,0.6476747555093141,0.8768253086637317,-2.654682890790522,1.9852142573508549,-0.8559594895765313
904.7975101001213,111.0,2.8,263.7908027124537,2.0,-0.052662702293873924,1.3604136300686127,1.9209751347558501,-0.32206898552109986,0.18603492433141489,0.8769550046099082,-0.7316071340170738
977.6266222371731,111.0,2.8,227.73464321848155,2.0,0.3443329597326114,2.145163821117547,1.470641696539328,-0.1434265995021823,-0.4028600776542722,1.446570876085439,-0.6905192494386369
976.4885329185074,111.0,2.8,203.04866194582468,2.0,0.4320204094270614,2.1362636755082005,1.1619050654590724,-0.07084080519348453,-0.5495791480523965,1.7345780773951591,-0.7907467344294941
1405.8153059835722,111.0,2.8,273.7912634722378,2.0,1.69807632903569,1.2316131491574691,2.0473010194304493,0.7364582413430466,-2.2555753671012497,0.6971524665437578,0.6757588815924744
1147.8097800152395,111.0,2.8,191.51613281392156,2.0,1.0859388101143321,2.99985950761245,1.0195843653041399,0.240237472755359,-1.4796769458245596,1.835859374350397,-0.6771164684959396
924.7148061781231,111.0,2.8,304.72508350120404,2.0,-0.13704780782759554,1.5921169071305608,2.43571353997559,-0.43507256240785247,0.34392998413142506,0.10415837283442018,-0.5688933206021126
922.7139622525249,111.0,2.8,284.96286755813185,2.0,-0.06708613415497038,1.5691542832720071,2.1865979864779717,-0.3754198607686365,0.23152678264628176,0.4863593092235995,-0.6311079708658448
1412.6037533513108,111.0,2.8,320.74650541393146,2.0,1.5489230255248148,1.148438654395602,2.6337951876144405,0.6156150016685074,-1.9955559513971464,-0.21013746767880453,1.3359251406507864
955.4006095572807,111.0,2.8,389.3614303487507,2.0,-0.34253216754146454,1.9272564471811213,3.4905467745682146,-0.6747880757712366,0.7178704931085498,-1.405657993913781,-0.16940177544115204
1233.318462377617,111.0,2.8,245.06681888378918,2.0,1.1916275563063785,2.7924832536183697,1.6879835567140886,0.2783121380032751,-1.5725918954593465,1.1907706340065405,-0.08200293210827342
1156.1080696132942,111.0,2.8,427.315109050209,2.0,0.23270355276514015,2.99891668706155,3.9674004955404754,-0.4797713233941137,-0.046803812417282445,-1.825440598422782,1.2047623726940868
873.1661954904158,111.0,2.8,191.4842413330638,2.0,0.10450680816727792,0.9676915761428625,1.017777411273696,-0.11356864244609556,-0.10608312852710279,1.8346914310078217,-0.9316254998748947
1256.777644515057,111.0,2.8,203.06470618955413,2.0,1.4325337620155298,2.662432066988256,1.1625329800265853,0.4734423359186106,-1.9550597624608739,1.7353780936493488,-0.45742733534068525
858.2031130201094,111.0,2.8,342.49231988470075,2.0,-0.5126371920086253,0.7736371693921505,2.906739783908893,-0.5931326645826283,0.9127216493296878,-0.62705538813213,-0.7488068267551513
918.5722935083927,111.0,2.8,428.2465103857689,2.0,-0.6205079787241028,1.5217438580232348,3.9768848252948916,-0.8257681159469021,1.1455771318457788,-1.8348714811573,-0.2623625298271455
1065.839282683323,111.0,2.8,150.3145839427452,2.0,0.9500767721862027,2.7896231371936655,0.5065050391710803,0.2145755734426974,-1.3272838231061084,2.001928032770881,-0.9985166126978539
1477.2273634999733,111.0,2.8,326.072187583728,2.0,1.75852666122473,0.3062390722001054,2.6996710399562667,0.8540329117222276,-2.285780520752204,-0.31339500840700807,1.6620973053476964
1036.8161582168568,111.0,2.8,315.2223783049362,2.0,0.2262161336111377,2.6224621863405146,2.5653295009284687,-0.3453501044422908,-0.1518544169031122,-0.10373635099123465,-0.12582175768952106
959.1676410968303,111.0,2.8,464.1877410025695,2.0,-0.6087709621380156,1.9651692428794807,4.426857126652913,-0.9048583566794565,1.1660436118765243,-1.9975897778142866,0.11558289012216853
1193.6203181892097,111.0,2.8,440.2982662420438,2.0,0.3160289577787,2.9431109677846057,4.127758411020229,-0.43323065944357225,-0.15277547945642556,-1.914253830990004,1.551585720089561
1014.3517620501767,111.0,2.8,375.0513926473607,2.0,-0.07955229593480542,2.4619274526034194,3.3137451491987813,-0.5634134346242788,0.3339378721987482,-1.194494638997076,0.07672155770375409
819.7246788370763,111.0,2.8,343.7046436013758,2.0,-0.6559402145095322,0.26478890785385606,2.9220289451872437,-0.6047700022639765,1.1122287179535204,-0.6502021820630697,-0.914747394785578
859.2363193207206,111.0,2.8,223.92119637060125,2.0,-0.06618850501782368,0.7873165880902387,1.4237379288744911,-0.21973311659978423,0.16775553946042998,1.495630277445807,-0.9019866745498224
1021.532707638686,111.0,2.8,387.6709987377252,2.0,-0.10008485957358049,2.517040044618375,3.4711771973871373,-0.5926362030866833,0.37690839422286776,-1.3814009039422557,0.17650092049129784
1098.9786638988426,111.0,2.8,171.15074908739126,2.0,0.9883031539287813,2.921660573148931,0.7646366082497806,0.20681720350964392,-1.3634608398838342,1.9578151337830692,-0.8581833074604214
1300.1225423159062,111.0,2.8,191.91022893305998,2.0,1.6300302616154931,2.344064936493767,1.0230448334182571,0.6364092216163294,-2.23921225564029,1.8328997451327815,-0.5316207846746253
1104.353769160105,111.0,2.8,353.4320595980314,2.0,0.323634889115159,2.9382346971968376,3.0424194104636784,-0.3529274667660711,-0.24918279087664572,-0.8258567150501687,0.3827005308900864
1378.3583278005071,111.0,2.8,200.2779698061622,2.0,1.875042376495285,1.5571321773993054,1.1282877376168654,0.8673068625641109,-2.5781195251992512,1.7613033859595193,-0.3499052557121523
1250.5882076285868,111.0,2.8,217.2623430484984,2.0,1.3561148655596014,2.6986953369228743,1.3413064043469207,0.41123352239063016,-1.8330068082945021,1.5797030672271686,-0.32314506705214624
1475.1458995770795,111.0,2.8,401.560642458187,2.0,1.4668606770465245,0.3318515999278447,3.6448526457520534,0.6077354944229406,-1.803305646357984,-1.5664839608999939,2.7928017316014024
1264.4995434460632,111.0,2.8,328.83921290808763,2.0,0.9881760040089341,2.6133959119640977,2.7350189230057307,0.10064657440897126,-1.2046785966641504,-0.3686797963320407,0.8560314400642091
1423.6913963138056,111.0,2.8,166.39159699640916,2.0,2.167241307419867,1.008964848985203,0.7040930740198305,1.1387355295788275,-3.015740547410148,1.9719989460133729,-0.7712143278389628
1452.8352416654152,111.0,2.8,396.2236535226515,2.0,1.4088617542733401,0.6309336850569298,3.578606578383993,0.5364514390117557,-1.7251799795033596,-1.499370042183285,2.585536196616933
940.2908678174939,111.0,2.8,359.9986635371856,2.0,-0.28817179059009224,1.7652918782223206,3.12516058375222,-0.5957906863406786,0.6116502170694625,-0.9429484474881296,-0.3398906129988792
1335.9565470534458,111.0,2.8,387.3202989205631,2.0,1.0243289837312946,2.0147756588399295,3.4658914064401976,0.1363918498131716,-1.1984969430616486,-1.377880791145314,1.8384815992262225
1136.677199645007,111.0,2.8,373.8298353220903,2.0,0.36358388948849557,2.993925376648884,3.297502601421345,-0.35244214642227917,-0.2834787221534389,-1.1735401498025881,0.6824858159634685
913.6668869762335,111.0,2.8,419.2985050235196,2.0,-0.6042090824989755,1.4656995878894485,3.866566356823027,-0.8030051159130064,1.114309132860357,-1.7580940763809052,-0.3166371297423334
1080.0063516209607,111.0,2.8,398.2432488363662,2.0,0.06935388265218495,2.854099526740678,3.6019805470618187,-0.535625902379995,0.15191102558632022,-1.5250784234676424,0.5504948439380377
1400.7122381938898,111.0,2.8,335.49058727670064,2.0,1.4508427431652595,1.292858232602967,2.817897740261203,0.5251629348045178,-1.844055684171035,-0.4952878216403975,1.4877422717608246
1103.4493299652827,111.0,2.8,235.1973718461986,2.0,0.7644030591454501,2.934360199438219,1.5633915279653647,0.015005241790460882,-0.9823612684934915,1.3411288133897525,-0.42318243434876296
1131.5239735793402,111.0,2.8,162.41299988537233,2.0,1.1375710261399747,2.9884034214478135,0.6547767702400616,0.2981578988590411,-1.5788914454334464,1.9844645390113567,-0.9064031084600811
1261.8281649618564,111.0,2.8,301.7559365510024,2.0,1.0806660007419957,2.630417190216096,2.3979777448637565,0.17850901372994826,-1.3596827822246156,0.1622215505696709,0.5651356471340773
1241.2050058577183,111.0,2.8,159.70527731257178,2.0,1.5390882104347068,2.7511890132749732,0.6215360293098189,0.5641342142115784,-2.144421729334918,1.989496746836243,-0.903913491774071
1469.7178498038284,111.0,2.8,425.19728652552277,2.0,1.3608904324934215,0.4057565511353707,3.9394454226299156,0.513382820219534,-1.6298301333116016,-1.8094961547242447,3.1125069081105816
1176.1043170799803,111.0,2.8,190.28683509435837,2.0,1.1917160775374909,2.980451090423555,1.0046062569654133,0.3067038346362999,-1.6288743169169675,1.846185825548859,-0.6609136830701241
857.3373551759862,111.0,2.8,360.36759687746894,2.0,-0.5857396377355405,0.7642049513215987,3.1294016980611916,-0.6462885665922853,1.0272390865639138,-0.9498100799932397,-0.7319808414077238
1284.6611812959864,111.0,2.8,181.1188403505016,2.0,1.6132954507651582,2.4681800464801653,0.8876177627617509,0.622465510692111,-2.228358996978788,1.909084379426207,-0.6620713183754338
1390.9212347612693,111.0,2.8,399.82005262367966,2.0,1.1739337718309693,1.4090058884828927,3.6210764499284576,0.2879765628216505,-1.3926458672796647,-1.54304420036235,2.293976401359163
1147.4991225231938,111.0,2.8,440.2266119230634,2.0,0.15185886912543223,2.99922672998631,4.127285706172817,-0.537889688988645,0.07766991479015242,-1.9150743820070102,1.2529555848658527
1076.242735646572,111.0,2.8,446.70371388474024,2.0,-0.12676693465441535,2.836318670127199,4.209247634055914,-0.6943245091441388,0.47299394219025015,-1.9486653163799432,0.829306019348111
1367.3631871075052,111.0,2.8,194.111582916175,2.0,1.860471463195754,1.6822255030484026,1.0515168513204654,0.8472218209810125,-2.5591275899879253,1.814856045608008,-0.4405491441102123
1267.3900229521023,111.0,2.8,171.4849731047839,2.0,1.5885296314554593,2.594197841306124,0.7683887343591781,0.6030350785894343,-2.2042298280519046,1.9575412376436239,-0.7758684639795015
1154.1767263590841,111.0,2.8,220.91013812434107,2.0,0.9982979150553907,3.000131397597784,1.3863402533263267,0.1647735100711374,-1.328661475571468,1.5348239108937431,-0.43716636030965733
1105.160364256272,111.0,2.8,418.90286590061123,2.0,0.08061126315344154,2.9396615887991677,3.861173963522486,-0.5558605667261598,0.15578568772466636,-1.7515931444445079,0.8310237307021184
827.0644142960123,111.0,2.8,197.8921148478472,2.0,-0.08173049997812397,0.36246282926086965,1.0995460564300195,-0.14847184322625998,0.16416211496275554,1.7828432369499099,-0.9704686504872482
1061.5750028027626,111.0,2.8,175.37318982298075,2.0,0.8401244131182668,2.768308171266141,0.8183736518546978,0.1302186351833169,-1.1481391260885048,1.9377688006192808,-0.8536430126449408
905.7965431269603,111.0,2.8,247.24577694896828,2.0,0.013775250336621778,1.372479953418703,1.7145793170214707,-0.26932733495735,0.07813135886853208,1.1530200505836565,-0.7711253161981267
831.6078582971592,111.0,2.8,227.80225308199047,2.0,-0.18018820958601617,0.4235578946552935,1.4721856636405284,-0.2393493351838043,0.325944409374254,1.4448938685221833,-0.9436589737038438
1042.6537629758056,111.0,2.8,159.45438446699202,2.0,0.8306471598468456,2.6597655127429585,0.6175283605751005,0.14946529949077061,-1.1538198878834927,1.989526206177986,-0.9493591015708617
1488.1608817883398,111.0,2.8,417.06834257889216,2.0,1.4546924280305495,0.15959898046062945,3.837068095215085,0.615342900566372,-1.7714977649478443,-1.7347044900680366,3.1023458872793075
1392.78297021726,111.0,2.8,407.20540794161985,2.0,1.1530989066010218,1.389215992519446,3.716197602724452,0.2726290573469278,-1.3558682812931806,-1.6317702712258546,2.4034179399415287
1099.3546935421373,111.0,2.8,191.6421501997848,2.0,0.9141583499981691,2.9226942626244843,1.0207960774266582,0.14321609835756505,-1.2351742634497627,1.8357929036976153,-0.7231683799935491
1094.8792093589827,111.0,2.8,274.97801603727976,2.0,0.5846785020812538,2.9092622240707016,2.0628774027743795,-0.12531129574893135,-0.6941424652786489,0.6746070252416567,-0.17630546555322504
988.5692043276463,111.0,2.8,169.68085830579844,2.0,0.60122904770154,2.24695942196214,0.7479249692929977,0.04670237074170341,-0.8180290508553631,1.9636075595474325,-0.9167421843147724
919.508725169598,111.0,2.8,464.2392419590284,2.0,-0.7518296429979014,1.53133935496242,4.429598086735121,-0.937795315686695,1.367176444833803,-1.9962397398121636,-0.16169655531416657
854.671935193448,111.0,2.8,417.269579607821,2.0,-0.8077832181710775,0.7277868651128326,3.8413430612686463,-0.8260515804067128,1.3955121284715974,-1.7388191009134948,-0.6728349149322004
837.8124368569613,111.0,2.8,293.7996585242783,2.0,-0.4046940029352359,0.5074426027574376,2.297604743487639,-0.4462713311116277,0.710999234291349,0.3174725198722095,-0.8771765740663077
980.1884254660536,111.0,2.8,203.36986140945865,2.0,0.44261565985870877,2.169570911700549,1.1682493499445041,-0.06545453847427626,-0.568570528688142,1.7329228437475004,-0.784884535920448
934.1653028690869,111.0,2.8,159.19949902130867,2.0,0.4431220341112204,1.6993870269948377,0.6141134929915196,0.02664695010281162,-0.6129445084600312,1.9934594238811876,-0.971699397785822
1418.8195672082538,111.0,2.8,297.51020721350585,2.0,1.6572319730900575,1.0684744565215805,2.343661254833914,0.7121738117232003,-2.1718873895401964,0.2442429528411175,1.0393225670559907
1197.3315369785525,111.0,2.8,272.8029560752259,2.0,0.9592024556413362,2.9325559329482127,2.0336795500816485,0.10075050530883173,-1.2189991128738442,0.7150525572466602,0.08968476663988435
1451.0941063793591,111.0,2.8,461.773129385175,2.0,1.1570316132083944,0.6552773373734951,4.397325839681201,0.3223555036445645,-1.3078852080335472,-1.9925689352813414,3.5321996579949086
1127.9952296411059,111.0,2.8,337.219761699131,2.0,0.4677431385455191,2.986526221912515,2.8396492957926003,-0.2568636577875309,-0.4691569711565816,-0.5293676705155437,0.3712209640790119
1234.2714387251024,111.0,2.8,245.26301279010855,2.0,1.1943130178599282,2.788057689172015,1.692273407648236,0.2790965431008511,-1.576675421245365,1.1878246313892942,-0.07656148605667319
1405.1764575898142,111.0,2.8,193.87607107047654,2.0,1.995564858546625,1.237927016070638,1.0468142079922782,0.9838768785697615,-2.750594648327492,1.8176228800819567,-0.4099085557628251
1219.9886081589102,111.0,2.8,157.49551445308208,2.0,1.471166214221061,2.854061944662302,0.5937869473964662,0.51581355307248,-2.054614876080634,1.9940201656042789,-0.9301353921109421
1204.2456435491536,111.0,2.8,227.09491346328534,2.0,1.153989921334339,2.912764488215706,1.4646207050936604,0.25977739750156337,-1.5383531567646769,1.4541974312556893,-0.304125918364407
1185.5202888742438,111.0,2.8,205.26082035970228,2.0,1.1716147740361014,2.963473134543853,1.1913943635339386,0.2821867769541507,-1.581231466724538,1.7117596218436861,-0.5230476736736326
1129.4825937816615,111.0,2.8,385.8760220069206,2.0,0.2923080879060761,2.9872791127379945,3.447870982886049,-0.40535526757032897,-0.17467648574844832,-1.3577656603942703,0.7327773113577671
1174.4799611823926,111.0,2.8,406.2743929238693,2.0,0.3780371102029822,2.980085777156826,3.704856480066602,-0.3725254129168747,-0.2701999317172163,-1.620672015574399,1.1410032125504685
1420.581866363722,111.0,2.8,392.45783995268465,2.0,1.3073378495710182,1.0456974872692233,3.5312212321632046,0.42045324454345223,-1.5887092873526316,-1.448350156944214,2.359417914134828
930.7538489887775,111.0,2.8,390.42538681821304,2.0,-0.435739710643174,1.6613265810074889,3.50641254849653,-0.6987524718695957,0.8484194637538895,-1.4194758446200855,-0.29726064663435103
1237.269593571716,111.0,2.8,372.05694437513984,2.0,0.7282183119794787,2.772210493477233,3.276444018274415,-0.10940095340700727,-0.7978753412278494,-1.1450736299168236,1.1640054798724222
1147.4563018149772,111.0,2.8,306.33567628637655,2.0,0.6552851181220206,2.9991700698044923,2.4544472384789686,-0.11804027972737205,-0.758829257750015,0.07276570971972791,0.212375716395731
1294.2291132294945,111.0,2.8,165.6912534796213,2.0,1.7065961796158842,2.3920914754445026,0.6958526708586803,0.6981513245119163,-2.3729284559972394,1.9763897886726707,-0.8259251725978249
1417.003737621148,111.0,2.8,440.0887075689782,2.0,1.1160435670818154,1.0908759540394697,4.126520227197777,0.25816359530750504,-1.2722050540691066,-1.9137253795722784,2.995116994137423
946.4021405873882,111.0,2.8,271.7867829871876,2.0,0.06594857291590972,1.8315223768421984,2.022329975644508,-0.3139051560814279,0.029919491712834253,0.7332739384549063,-0.6028568017220917
1399.5621212055141,111.0,2.8,419.6660754600958,2.0,1.1282189125915698,1.3064037084762334,3.8717243557044494,0.25783795499007406,-1.3125088139347205,-1.759959669779501,2.6081227851934052
1407.8339159002296,111.0,2.8,268.63738752082384,2.0,1.7272144271575058,1.204962732362993,1.983200181054603,0.7603685435494208,-2.298136437473296,0.7881414881099228,0.6096920743541524
932.5367736815545,111.0,2.8,357.86221996829505,2.0,-0.30588711776909394,1.6804381639164232,3.0987221953459603,-0.5946708637532276,0.6359694684880108,-0.9046429719383192,-0.3841761323715736
1424.099197027455,111.0,2.8,181.17837281968139,2.0,2.1112270621342852,1.0020321614254744,0.8886416225058612,1.0908675929211662,-2.9240435385714245,1.9061533047237353,-0.5661192935069163
1247.9856455919303,111.0,2.8,364.1526867551839,2.0,0.797814988693018,2.712711649183791,3.1758729557945986,-0.0548282031304771,-0.9020086624026048,-1.0140655444952444,1.1415436417413685
1318.2106163273793,111.0,2.8,435.33316619137344,2.0,0.7810288307699513,2.183967118308298,4.066827830116538,-0.0694285923688619,-0.8064726202169216,-1.8847422006776835,2.300668899619892
1140.0939207959536,111.0,2.8,166.03020757221498,2.0,1.1561648490437648,2.9965654818334477,0.6997790750962468,0.304546334767815,-1.600652098382594,1.9737448904787471,-0.8778574988597204
1412.8151872645744,111.0,2.8,370.06351004848267,2.0,1.3631223272089128,1.1440744285044615,3.25148986068989,0.461342939941412,-1.688545918880854,-1.1135048356542858,2.0114894666311494
1383.0959025092675,111.0,2.8,388.80689035526643,2.0,1.1887906275175468,1.5034438692787762,3.486492748362216,0.29318133502254284,-1.4232495802353566,-1.3968875161987864,2.1083018562282696
1350.7480173305967,111.0,2.8,418.2655714639871,2.0,0.9609335841789647,1.8632544026098983,3.853943689879747,0.08944425379255899,-1.0770929400446803,-1.7476685345375624,2.2983007904218495
906.6408783297535,111.0,2.8,162.22341757241998,2.0,0.33783058672120353,1.3809412833212744,0.6536257744716444,-0.004230056152774556,-0.45736446797064695,1.9861490461247766,-0.9710917438186248
1247.4519923803064,111.0,2.8,453.5225039460102,2.0,0.4600263876995591,2.715745102054084,4.2927400119672345,-0.3353706122338184,-0.3391332791778067,-1.9751883690411989,2.032179155687987
1303.5754040388217,111.0,2.8,363.2439295403407,2.0,0.9982705057803235,2.3151563335838286,3.164200575137385,0.1097217842519647,-1.1850066947250213,-0.9991703378492911,1.397183363657063
949.4032143173579,111.0,2.8,420.66861679776304,2.0,-0.48227406510338416,1.8641939960281972,3.88337114925089,-0.7788511331576757,0.9449608015194921,-1.7695718052180838,-0.09707403913275844
1256.5489188142647,111.0,2.8,450.510562287914,2.0,0.5032412594960874,2.663600369999164,4.25742906590597,-0.3000595247698693,-0.40157790053084397,-1.9642114456729631,2.0638237175668053
963.6428685829683,111.0,2.8,246.9813817009127,2.0,0.22106484756669978,2.0089108871920685,1.7125507671392337,-0.22028772838796318,-0.21055672510146925,1.1584433410980255,-0.6457649581717178
1133.871129056843,111.0,2.8,224.9547833009278,2.0,0.9122164391684308,2.993616599457834,1.436880589370742,0.10900739857953973,-1.2012695208136577,1.4824255625832496,-0.4397874706007183
1249.32514709043,111.0,2.8,444.02017508205904,2.0,0.5026163836949885,2.707743383945836,4.174277902511341,-0.3008971762578617,-0.40772767324028253,-1.93453375373915,1.9491428088213765
1096.4045922446057,111.0,2.8,155.2779185043086,2.0,1.0396363279406071,2.9129209010554384,0.5659064520044605,0.253578357468557,-1.4496823579369142,1.9970253041880446,-0.9635920450875755
1207.7357403597935,111.0,2.8,302.7418401319055,2.0,0.8848471679594817,2.8999202737655354,2.4107888616080757,0.03302894810066921,-1.0842710536124807,0.1439166535475138,0.39123651553319433
1210.464675021351,111.0,2.8,188.2223671678413,2.0,1.3232361847640328,2.890395391943839,0.9782244216250487,0.39612503864006765,-1.8141952030614021,1.8600362768486591,-0.6495955848831044
1298.6111845624514,111.0,2.8,419.3868551433736,2.0,0.7721730543672055,2.3569975603648605,3.8673395822244125,-0.08045586556438711,-0.808535339647773,-1.7580921242527734,1.9979520120424683
842.5365828183575,111.0,2.8,413.47501687144506,2.0,-0.8354147190436572,0.5682768633033561,3.7948564816303256,-0.8174349564971846,1.4345041294301908,-1.6989308938092245,-0.7506255812990696
1073.8749589290878,111.0,2.8,450.2044253700466,2.0,-0.14672285860206088,2.8267330506385124,4.251867002058867,-0.7084513811762014,0.5078398340992962,-1.9617053834338263,0.8365968313690886
890.0877177579637,111.0,2.8,157.109227779138,2.0,0.29509296628576676,1.1796833408495428,0.5891877113120352,0.0018665963812443025,-0.40559916345896424,1.9953090501567994,-0.9846943721418723
1251.2937255099048,111.0,2.8,195.9568388364829,2.0,1.438057265735929,2.696354895609392,1.0745893569657468,0.4806637052507436,-1.9678170402199517,1.800657000628891,-0.5372292201967092
1227.542828866221,111.0,2.8,443.6263494507906,2.0,0.42812098460641423,2.81902450264253,4.17154555894241,-0.35692958745653364,-0.30226166371418933,-1.9343496854710607,1.8035011982428568
846.9635338066275,111.0,2.8,263.92991712965267,2.0,-0.25932704501647746,0.6272153778983096,1.9225005019678751,-0.3499115278253976,0.4773147609784815,0.8729839568329197,-0.8818070326416063
1145.1245747197438,111.0,2.8,458.4397353193291,2.0,0.0768614192177251,2.999359760992634,4.356281621417689,-0.5981824835669539,0.20135683618770955,-1.9861077057925125,1.3755322024946863
974.0577158460655,111.0,2.8,154.82430453232098,2.0,0.6052076226329365,2.1119658892433795,0.5596263743403938,0.07803061081232691,-0.8398830607622234,1.9981308024421955,-0.9807502931402579
895.7159501382566,111.0,2.8,372.89168792368827,2.0,-0.49438503271677237,1.2498007819800017,3.2873681389760914,-0.6699406158806779,0.9138764376803556,-1.1575436488946156,-0.5240447382133271
1371.3083206575225,111.0,2.8,275.06503435651,2.0,1.570407836668982,1.6376002637581155,2.061388853605171,0.6080819846643488,-2.0752679789748574,0.6739231895741548,0.596470480218979
1431.4321842398463,111.0,2.8,365.67384053715955,2.0,1.4464900975803836,0.9083443395856938,3.197254878336818,0.5456062098602931,-1.8086800142986117,-1.0387035032312804,2.0401541291291236
1121.8563266830756,111.0,2.8,245.82846209853304,2.0,0.7905882337167839,2.976756783240247,1.6982209246048916,0.017605430745980765,-1.011037848170848,1.1798177448370466,-0.3114823649848657
826.7397405555995,111.0,2.8,251.35126214252804,2.0,-0.28547982634662167,0.35965026783254456,1.765088629024983,-0.3138710931361274,0.5008475477435143,1.0891469389203567,-0.9395286284979892
1227.6755577252104,111.0,2.8,324.4983363046001,2.0,0.8726537732512534,2.818982491756148,2.680858077638249,0.01532286100326997,-1.0487577324207797,-0.2838236665368453,0.6663189608158632
823.2321725248504,111.0,2.8,388.112438237826,2.0,-0.8080720546407264,0.31249260960611075,3.476886418850681,-0.7421474042372017,1.373632120191537,-1.388781665298875,-0.87578400529117
1167.3399976560906,111.0,2.8,400.4067750981569,2.0,0.3727629168916409,2.9895249710429295,3.631089764939132,-0.3689169479884828,-0.27338026748009236,-1.54987138729039,1.053311809354676
1481.486892679202,111.0,2.8,185.2590117360688,2.0,2.3019015853890696,0.24737916786272127,0.9434743845096807,1.3094677891247881,-3.1880987694296983,1.8812520161568091,-0.46331452993300676
1261.1398506923636,111.0,2.8,345.71483659784974,2.0,0.9131976048267928,2.636388284495117,2.946164631330735,0.04035443150223923,-1.0816508141053751,-0.6857483761005932,1.0146589060048286
1109.6013808453047,111.0,2.8,300.3707463217995,2.0,0.5417435994444598,2.9510831289292145,2.3795640669173057,-0.1765430109965925,-0.6068899783253661,0.18974200958040602,0.038121123973541
1394.434109213516,111.0,2.8,212.83496331968902,2.0,1.8891435330542456,1.3692885387177132,1.2846276175454368,0.8837645564652111,-2.579257912910277,1.6315351789772008,-0.16704194663218563
1048.326994495364,111.0,2.8,252.8782017447083,2.0,0.5002695991250966,2.692801068851357,1.7838485112160756,-0.13112618002510804,-0.5986651547874728,1.0636664740340975,-0.42899051128574467
1485.5602714605968,111.0,2.8,204.27114421299365,2.0,2.2450159138090977,0.19539761993714871,1.1772618100054724,1.26867714960299,-3.0887718689273984,1.7217246772902226,-0.16782311572549213
883.6516983471392,111.0,2.8,325.1386341204101,2.0,-0.3581437665625181,1.100521037934341,2.6888587485421813,-0.5235484235728257,0.6758789280230576,-0.2951465023761927,-0.6728892421453879
1317.072032242609,111.0,2.8,406.7515847438856,2.0,0.8832414964828078,2.196555066434245,3.7086386642379536,0.01559374095580321,-0.980955240360295,-1.6254179475174202,1.964071824490379
1388.4736448178328,111.0,2.8,174.475290335389,2.0,2.009804710139387,1.4400697830256266,0.8062149653586452,0.9850302505985052,-2.790869038815452,1.9424707733533622,-0.67854812602515
1338.136421801607,111.0,2.8,410.20004979652487,2.0,0.9446258509232318,1.9918787637130264,3.751352610934952,0.07402648185171846,-1.0633642112366175,-1.664387580865564,2.125593814251227
